{
    "name": "root",
    "gauges": {
        "AgentSetup.Policy.Entropy.mean": {
            "value": 1.692747712135315,
            "min": 1.692747712135315,
            "max": 2.703728675842285,
            "count": 20
        },
        "AgentSetup.Policy.Entropy.sum": {
            "value": 33557.03125,
            "min": 33557.03125,
            "max": 55069.546875,
            "count": 20
        },
        "AgentSetup.Environment.EpisodeLength.mean": {
            "value": 78.81274900398407,
            "min": 21.0,
            "max": 109.43783783783783,
            "count": 20
        },
        "AgentSetup.Environment.EpisodeLength.sum": {
            "value": 19782.0,
            "min": 18984.0,
            "max": 20514.0,
            "count": 20
        },
        "AgentSetup.Step.mean": {
            "value": 399948.0,
            "min": 19952.0,
            "max": 399948.0,
            "count": 20
        },
        "AgentSetup.Step.sum": {
            "value": 399948.0,
            "min": 19952.0,
            "max": 399948.0,
            "count": 20
        },
        "AgentSetup.Policy.ExtrinsicValueEstimate.mean": {
            "value": 0.33028343319892883,
            "min": -0.2530626356601715,
            "max": 0.5878216028213501,
            "count": 20
        },
        "AgentSetup.Policy.ExtrinsicValueEstimate.sum": {
            "value": 153.91207885742188,
            "min": -233.0706787109375,
            "max": 260.40496826171875,
            "count": 20
        },
        "AgentSetup.Policy.GailValueEstimate.mean": {
            "value": 1.9792885780334473,
            "min": 0.9887373447418213,
            "max": 3.409101963043213,
            "count": 20
        },
        "AgentSetup.Policy.GailValueEstimate.sum": {
            "value": 922.3484497070312,
            "min": 885.7407836914062,
            "max": 1465.913818359375,
            "count": 20
        },
        "AgentSetup.Environment.CumulativeReward.mean": {
            "value": 0.8645418293447609,
            "min": -0.363938057317143,
            "max": 1.3751111083560519,
            "count": 20
        },
        "AgentSetup.Environment.CumulativeReward.sum": {
            "value": 216.99999916553497,
            "min": -329.00000381469727,
            "max": 309.3999993801117,
            "count": 20
        },
        "AgentSetup.Policy.ExtrinsicReward.mean": {
            "value": 0.8645418293447609,
            "min": -0.363938057317143,
            "max": 1.3751111083560519,
            "count": 20
        },
        "AgentSetup.Policy.ExtrinsicReward.sum": {
            "value": 216.99999916553497,
            "min": -329.00000381469727,
            "max": 309.3999993801117,
            "count": 20
        },
        "AgentSetup.Policy.GailReward.mean": {
            "value": 3.615104205906391,
            "min": 1.4739326188697242,
            "max": 6.5814207553460795,
            "count": 20
        },
        "AgentSetup.Policy.GailReward.sum": {
            "value": 907.3911556825042,
            "min": 897.4137332066894,
            "max": 1405.1671080067754,
            "count": 20
        },
        "AgentSetup.Losses.PolicyLoss.mean": {
            "value": 0.04753937226091933,
            "min": 0.03902319074060009,
            "max": 0.05175138694209991,
            "count": 20
        },
        "AgentSetup.Losses.PolicyLoss.sum": {
            "value": 0.9032480729574672,
            "min": 0.7042525245342403,
            "max": 0.9832763518998983,
            "count": 20
        },
        "AgentSetup.Losses.ValueLoss.mean": {
            "value": 0.42268470753180354,
            "min": 0.40941738402634337,
            "max": 1.3888883569784332,
            "count": 20
        },
        "AgentSetup.Losses.ValueLoss.sum": {
            "value": 8.031009443104267,
            "min": 7.778930296500524,
            "max": 26.38887878259023,
            "count": 20
        },
        "AgentSetup.Policy.LearningRate.mean": {
            "value": 0.00029220319101998975,
            "min": 0.00029220319101998975,
            "max": 0.0002997905527013947,
            "count": 20
        },
        "AgentSetup.Policy.LearningRate.sum": {
            "value": 0.005551860629379806,
            "min": 0.005360324613225133,
            "max": 0.0056960205013265,
            "count": 20
        },
        "AgentSetup.Policy.Epsilon.mean": {
            "value": 0.19740106280701758,
            "min": 0.19740106280701758,
            "max": 0.19993018421052633,
            "count": 20
        },
        "AgentSetup.Policy.Epsilon.sum": {
            "value": 3.750620193333334,
            "min": 3.586774866666667,
            "max": 3.7986735,
            "count": 20
        },
        "AgentSetup.Policy.Beta.mean": {
            "value": 0.00048726520775438603,
            "min": 0.00048726520775438603,
            "max": 0.0004996579026315789,
            "count": 20
        },
        "AgentSetup.Policy.Beta.sum": {
            "value": 0.009258038947333335,
            "min": 0.008935196846666667,
            "max": 0.009493500149999999,
            "count": 20
        },
        "AgentSetup.Policy.GAILPolicyEstimate.mean": {
            "value": 0.3333819156937432,
            "min": 0.3333819156937432,
            "max": 0.4762072531800521,
            "count": 20
        },
        "AgentSetup.Policy.GAILPolicyEstimate.sum": {
            "value": 6.334256398181121,
            "min": 6.334256398181121,
            "max": 9.04793781042099,
            "count": 20
        },
        "AgentSetup.Policy.GAILExpertEstimate.mean": {
            "value": 0.6801091066577978,
            "min": 0.5664899636778916,
            "max": 0.6801091066577978,
            "count": 20
        },
        "AgentSetup.Policy.GAILExpertEstimate.sum": {
            "value": 12.922073026498158,
            "min": 10.76330930987994,
            "max": 12.922073026498158,
            "count": 20
        },
        "AgentSetup.Losses.GAILLoss.mean": {
            "value": 0.8690251164269029,
            "min": 0.8690251164269029,
            "max": 1.303999942645692,
            "count": 20
        },
        "AgentSetup.Losses.GAILLoss.sum": {
            "value": 16.511477212111156,
            "min": 16.511477212111156,
            "max": 24.77599891026815,
            "count": 20
        },
        "AgentSetup.Policy.GAILGradMagLoss.mean": {
            "value": 0.15113860094233564,
            "min": 0.13141863345446292,
            "max": 2.837063707411289,
            "count": 20
        },
        "AgentSetup.Policy.GAILGradMagLoss.sum": {
            "value": 2.871633417904377,
            "min": 2.4969540356347957,
            "max": 53.904210440814495,
            "count": 20
        },
        "AgentSetup.Losses.PretrainingLoss.mean": {
            "value": 0.6298719644546509,
            "min": 0.6298719644546509,
            "max": 1.1289178640754136,
            "count": 20
        },
        "AgentSetup.Losses.PretrainingLoss.sum": {
            "value": 11.967567324638367,
            "min": 11.967567324638367,
            "max": 21.181628584861755,
            "count": 20
        },
        "AgentSetup.IsTraining.mean": {
            "value": 1.0,
            "min": 1.0,
            "max": 1.0,
            "count": 20
        },
        "AgentSetup.IsTraining.sum": {
            "value": 1.0,
            "min": 1.0,
            "max": 1.0,
            "count": 20
        }
    },
    "metadata": {
        "timer_format_version": "0.1.0",
        "start_time_seconds": "1638660981",
        "python_version": "3.9.7 (tags/v3.9.7:1016ef3, Aug 30 2021, 20:19:38) [MSC v.1929 64 bit (AMD64)]",
        "command_line_arguments": "C:\\Galvao\\Imitation Learning game\\venv\\Scripts\\mlagents-learn config\\ILagent.yaml --run-id=IL_map2_1",
        "mlagents_version": "0.27.0",
        "mlagents_envs_version": "0.27.0",