{
    "name": "root",
    "gauges": {
        "AgentSetup.Policy.Entropy.mean": {
            "value": 0.8205903768539429,
            "min": 0.6718109250068665,
            "max": 2.4726738929748535,
            "count": 25
        },
        "AgentSetup.Policy.Entropy.sum": {
            "value": 16438.06640625,
            "min": 13468.46484375,
            "max": 50719.48828125,
            "count": 25
        },
        "AgentSetup.Environment.EpisodeLength.mean": {
            "value": 54.79050279329609,
            "min": 28.023598820058996,
            "max": 89.80365296803653,
            "count": 25
        },
        "AgentSetup.Environment.EpisodeLength.sum": {
            "value": 19615.0,
            "min": 19000.0,
            "max": 20365.0,
            "count": 25
        },
        "AgentSetup.Step.mean": {
            "value": 499977.0,
            "min": 19998.0,
            "max": 499977.0,
            "count": 25
        },
        "AgentSetup.Step.sum": {
            "value": 499977.0,
            "min": 19998.0,
            "max": 499977.0,
            "count": 25
        },
        "AgentSetup.Policy.ExtrinsicValueEstimate.mean": {
            "value": 0.650875985622406,
            "min": -0.3820435404777527,
            "max": 0.7828132510185242,
            "count": 25
        },
        "AgentSetup.Policy.ExtrinsicValueEstimate.sum": {
            "value": 323.4853515625,
            "min": -293.7914733886719,
            "max": 382.3540954589844,
            "count": 25
        },
        "AgentSetup.Policy.GailValueEstimate.mean": {
            "value": 1.734677791595459,
            "min": 1.3391151428222656,
            "max": 2.5981030464172363,
            "count": 25
        },
        "AgentSetup.Policy.GailValueEstimate.sum": {
            "value": 862.1348876953125,
            "min": 789.9664306640625,
            "max": 1161.35205078125,
            "count": 25
        },
        "AgentSetup.Environment.CumulativeReward.mean": {
            "value": 1.0821229022974408,
            "min": -0.5926253725293815,
            "max": 1.4299401164411785,
            "count": 25
        },
        "AgentSetup.Environment.CumulativeReward.sum": {
            "value": 387.3999990224838,
            "min": -401.80000257492065,
            "max": 477.5999988913536,
            "count": 25
        },
        "AgentSetup.Policy.ExtrinsicReward.mean": {
            "value": 1.0821229022974408,
            "min": -0.5926253725293815,
            "max": 1.4299401164411785,
            "count": 25
        },
        "AgentSetup.Policy.ExtrinsicReward.sum": {
            "value": 387.3999990224838,
            "min": -401.80000257492065,
            "max": 477.5999988913536,
            "count": 25
        },
        "AgentSetup.Policy.GailReward.mean": {
            "value": 3.2583819979531223,
            "min": 1.9995410293773377,
            "max": 5.475265931423515,
            "count": 25
        },
        "AgentSetup.Policy.GailReward.sum": {
            "value": 1166.5007552672178,
            "min": 1105.6325282920152,
            "max": 1355.688817917835,
            "count": 25
        },
        "AgentSetup.Losses.PolicyLoss.mean": {
            "value": 0.04459407996629333,
            "min": 0.03905008157323066,
            "max": 0.0483539490162736,
            "count": 25
        },
        "AgentSetup.Losses.PolicyLoss.sum": {
            "value": 0.8472875193595732,
            "min": 0.7419515498913825,
            "max": 0.9187250313091984,
            "count": 25
        },
        "AgentSetup.Losses.ValueLoss.mean": {
            "value": 0.5781656298459623,
            "min": 0.4998241058436402,
            "max": 0.9167401260799832,
            "count": 25
        },
        "AgentSetup.Losses.ValueLoss.sum": {
            "value": 10.985146967073284,
            "min": 9.496658011029163,
            "max": 16.81437288224697,
            "count": 25
        },
        "AgentSetup.Policy.LearningRate.mean": {
            "value": 0.0002901934853741024,
            "min": 0.0002901934853741024,
            "max": 0.0002997901853330961,
            "count": 25
        },
        "AgentSetup.Policy.LearningRate.sum": {
            "value": 0.005513676222107945,
            "min": 0.005389202203599266,
            "max": 0.005696013521328826,
            "count": 25
        },
        "AgentSetup.Policy.Epsilon.mean": {
            "value": 0.19673116070175442,
            "min": 0.19673116070175442,
            "max": 0.19993006175438596,
            "count": 25
        },
        "AgentSetup.Policy.Epsilon.sum": {
            "value": 3.7378920533333337,
            "min": 3.5964007333333337,
            "max": 3.798671173333333,
            "count": 25
        },
        "AgentSetup.Policy.Beta.mean": {
            "value": 0.0004839826874385964,
            "min": 0.0004839826874385964,
            "max": 0.0004996573025964912,
            "count": 25
        },
        "AgentSetup.Policy.Beta.sum": {
            "value": 0.009195671061333332,
            "min": 0.008982363593333332,
            "max": 0.009493488749333333,
            "count": 25
        },
        "AgentSetup.Policy.GAILPolicyEstimate.mean": {
            "value": 0.40917437732742545,
            "min": 0.38975652516411063,
            "max": 0.4717269526761875,
            "count": 25
        },
        "AgentSetup.Policy.GAILPolicyEstimate.sum": {
            "value": 7.774313169221084,
            "min": 7.405373978118102,
            "max": 8.962812100847563,
            "count": 25
        },
        "AgentSetup.Policy.GAILExpertEstimate.mean": {
            "value": 0.5873040316397684,
            "min": 0.5261969214730096,
            "max": 0.6067216174121488,
            "count": 25
        },
        "AgentSetup.Policy.GAILExpertEstimate.sum": {
            "value": 11.1587766011556,
            "min": 9.81382107237975,
            "max": 11.527710730830828,
            "count": 25
        },
        "AgentSetup.Losses.GAILLoss.mean": {
            "value": 1.1384636001628745,
            "min": 1.0827289116487169,
            "max": 1.3607939973212126,
            "count": 25
        },
        "AgentSetup.Losses.GAILLoss.sum": {
            "value": 21.630808403094615,
            "min": 20.571849321325622,
            "max": 25.85508594910304,
            "count": 25
        },
        "AgentSetup.Policy.GAILGradMagLoss.mean": {
            "value": 0.10453026710699,
            "min": 0.09365597716941122,
            "max": 2.6534186221267047,
            "count": 25
        },
        "AgentSetup.Policy.GAILGradMagLoss.sum": {
            "value": 1.98607507503281,
            "min": 1.7794635662188132,
            "max": 50.41495382040739,
            "count": 25
        },
        "AgentSetup.Losses.PretrainingLoss.mean": {
            "value": 0.3860396711449874,
            "min": 0.3860396711449874,
            "max": 0.7588705959027273,
            "count": 25
        },
        "AgentSetup.Losses.PretrainingLoss.sum": {
            "value": 7.334753751754761,
            "min": 7.334753751754761,
            "max": 14.41854132215182,
            "count": 25
        },
        "AgentSetup.IsTraining.mean": {
            "value": 1.0,
            "min": 1.0,
            "max": 1.0,
            "count": 25
        },
        "AgentSetup.IsTraining.sum": {
            "value": 1.0,
            "min": 1.0,
            "max": 1.0,
            "count": 25
        }
    },
    "metadata": {
        "timer_format_version": "0.1.0",
        "start_time_seconds": "1638664311",
        "python_version": "3.9.7 (tags/v3.9.7:1016ef3, Aug 30 2021, 20:19:38) [MSC v.1929 64 bit (AMD64)]",
        "command_line_arguments": "C:\\Galvao\\Imitation Learning game\\venv\\Scripts\\mlagents-learn config\\ILagent.yaml --run-id=IL_map2_2 --force",
        "mlagents_version": "0.27.0",
        "mlagents_envs_version": "0.27.0",