{"count":1,"self":476.2842624,"total":2386.0258632,"children":{"InitializeActuators":{"count":16,"self":0.0030015,"total":0.0030015,"children":null},"InitializeSensors":{"count":16,"self":0.0040089999999999995,"total":0.0040089999999999995,"children":null},"AgentSendState":{"count":300234,"self":15.938255999999999,"total":73.979277,"children":{"CollectObservations":{"count":960752,"self":9.7885528,"total":9.7885529,"children":null},"WriteActionMask":{"count":960752,"self":3.7072596,"total":3.7072594999999997,"children":null},"RequestDecision":{"count":960752,"self":10.2571816,"total":44.545207999999995,"children":{"AgentInfo.ToProto":{"count":960752,"self":10.9053312,"total":34.288026599999995,"children":{"GenerateSensorData":{"count":960752,"self":23.382696,"total":23.3826957,"children":null}}}}}}},"DecideAction":{"count":300234,"self":1785.801728,"total":1785.8017263,"children":null},"AgentAct":{"count":300234,"self":49.089827199999995,"total":49.1728228,"children":{"AgentInfo.ToProto":{"count":1300,"self":0.0280107,"total":0.0829946,"children":{"GenerateSensorData":{"count":1300,"self":0.054983899999999995,"total":0.054983899999999995,"children":null}}}}},"AgentInfo.ToProto":{"count":10904,"self":0.2504094,"total":0.7767798,"children":{"GenerateSensorData":{"count":10904,"self":0.5263704,"total":0.5263704,"children":null}}}},"gauges":{"AgentSetup.CumulativeReward":{"count":12204,"max":5,"min":-1.8,"runningAverage":1.81330538,"value":3,"weightedAverage":2.73910737}},"metadata":{"timer_format_version":"0.1.0","start_time_seconds":"1638739616","unity_version":"2020.2.4f1","command_line_arguments":"C:\\Program Files\\Unity\\Hub\\Editor\\2020.2.4f1\\Editor\\Unity.exe -projectpath C:\/Galvao\/Imitation Learning game -useHub -hubIPC -cloudEnvironment production -hubSessionId 87c58910-537d-11ec-b48e-21fa269b1935","communication_protocol_version":"1.5.0","com.unity.ml-agents_version":"2.1.0-exp.1","scene_name":"MapTwo","end_time_seconds":"1638742001"}}