{"count":1,"self":503.54263039999995,"total":3711.7700925999998,"children":{"InitializeActuators":{"count":24,"self":0.0029874999999999997,"total":0.0029874999999999997,"children":null},"InitializeSensors":{"count":24,"self":0.0029998,"total":0.0029998,"children":null},"AgentSendState":{"count":326234,"self":26.5533152,"total":131.31744609999998,"children":{"CollectObservations":{"count":1565928,"self":22.5624096,"total":22.5624097,"children":null},"WriteActionMask":{"count":1565928,"self":6.5382279999999993,"total":6.5382280999999995,"children":null},"RequestDecision":{"count":1565928,"self":17.1265872,"total":75.6634923,"children":{"AgentInfo.ToProto":{"count":1565928,"self":18.3088688,"total":58.536905399999995,"children":{"GenerateSensorData":{"count":1565928,"self":40.228038399999996,"total":40.2280368,"children":null}}}}}}},"DecideAction":{"count":326234,"self":2991.6657664,"total":2991.6656887999998,"children":null},"AgentAct":{"count":326234,"self":84.575801599999991,"total":85.0307313,"children":{"AgentInfo.ToProto":{"count":6778,"self":0.14002689999999998,"total":0.45493279999999997,"children":{"GenerateSensorData":{"count":6778,"self":0.31490589999999996,"total":0.31490589999999996,"children":null}}}}},"AgentInfo.ToProto":{"count":2412,"self":0.0652823,"total":0.2006035,"children":{"GenerateSensorData":{"count":2412,"self":0.1353212,"total":0.1353212,"children":null}}}},"gauges":{"AgentSetup.CumulativeReward":{"count":9190,"max":3,"min":-1.6,"runningAverage":0.6664856,"value":3,"weightedAverage":0.945553541}},"metadata":{"timer_format_version":"0.1.0","start_time_seconds":"1638833115","unity_version":"2020.2.4f1","command_line_arguments":"C:\\Program Files\\Unity\\Hub\\Editor\\2020.2.4f1\\Editor\\Unity.exe -projectpath C:\/Galvao\/Imitation Learning game -useHub -hubIPC -cloudEnvironment production -hubSessionId 1c1667e0-56e6-11ec-8930-87d6ff38ad48","communication_protocol_version":"1.5.0","com.unity.ml-agents_version":"2.1.0-exp.1","scene_name":"MapThree","end_time_seconds":"1638836826"}}